mean_fit_time,std_fit_time,mean_score_time,std_score_time,param_model__colsample_bytree,param_model__learning_rate,param_model__min_child_samples,param_model__n_estimators,param_model__num_leaves,param_model__reg_alpha,param_model__reg_lambda,param_model__subsample,params,split0_test_score,split1_test_score,split2_test_score,split3_test_score,split4_test_score,mean_test_score,std_test_score,rank_test_score
9.649995470046997,0.3782823111265148,0.3440382480621338,0.06535789035524422,0.7936350297118406,0.05432794140871947,15,1944,70,0.004457814368987928,0.002226511305759761,0.8148122229914667,"{'model__colsample_bytree': np.float64(0.7936350297118406), 'model__learning_rate': np.float64(0.05432794140871947), 'model__min_child_samples': 15, 'model__n_estimators': 1944, 'model__num_leaves': 70, 'model__reg_alpha': np.float64(0.004457814368987928), 'model__reg_lambda': np.float64(0.002226511305759761), 'model__subsample': np.float64(0.8148122229914667)}",-0.13320461265355849,-0.13881777427537992,-0.12457562783983703,-0.12171206753396016,-0.15510005325894746,-0.13468202711233662,0.011887321881090046,112
10.810004949569702,0.763055471647469,0.31607651710510254,0.042890796336437435,0.7834271527847554,0.010668594419664295,10,1669,55,0.11999975480350802,0.005474303040596575,0.7454562418017752,"{'model__colsample_bytree': np.float64(0.7834271527847554), 'model__learning_rate': np.float64(0.010668594419664295), 'model__min_child_samples': 10, 'model__n_estimators': 1669, 'model__num_leaves': 55, 'model__reg_alpha': np.float64(0.11999975480350802), 'model__reg_lambda': np.float64(0.005474303040596575), 'model__subsample': np.float64(0.7454562418017752)}",-0.1321081845662146,-0.1388264545211296,-0.11917559763714274,-0.12020205815924852,-0.1558585528372021,-0.1332341695441875,0.013504692399593524,94
4.580692386627197,0.9147057084310057,0.19919323921203613,0.059135411321388415,0.7458511274633584,0.014767962758622409,29,1152,75,0.00012170466308993162,0.0667890283114108,0.7999652429288138,"{'model__colsample_bytree': np.float64(0.7458511274633584), 'model__learning_rate': np.float64(0.014767962758622409), 'model__min_child_samples': 29, 'model__n_estimators': 1152, 'model__num_leaves': 75, 'model__reg_alpha': np.float64(0.00012170466308993162), 'model__reg_lambda': np.float64(0.0667890283114108), 'model__subsample': np.float64(0.7999652429288138)}",-0.12442857083033455,-0.13578885894526688,-0.11449911278340211,-0.11910458117787538,-0.15143296568590583,-0.12905081788455694,0.013254483402560984,7
4.4003345489501955,0.8293733435403947,0.15121760368347167,0.03381088781451618,0.7116664158034038,0.0569096246939103,22,1089,93,0.08023102291340051,0.00494640818293784,0.8285586096034029,"{'model__colsample_bytree': np.float64(0.7116664158034038), 'model__learning_rate': np.float64(0.0569096246939103), 'model__min_child_samples': 22, 'model__n_estimators': 1089, 'model__num_leaves': 93, 'model__reg_alpha': np.float64(0.08023102291340051), 'model__reg_lambda': np.float64(0.00494640818293784), 'model__subsample': np.float64(0.8285586096034029)}",-0.12653031046553584,-0.13432266061892115,-0.11570578461266408,-0.11928546898227109,-0.14819737280702805,-0.12880831949728405,0.011609425254822609,6
8.405684423446655,0.2494798898723683,0.18291716575622557,0.03096654618790248,0.8481036422155106,0.008784902460121913,14,920,40,0.0001740299082352256,1.9924621034349888,0.9414080082686398,"{'model__colsample_bytree': np.float64(0.8481036422155106), 'model__learning_rate': np.float64(0.008784902460121913), 'model__min_child_samples': 14, 'model__n_estimators': 920, 'model__num_leaves': 40, 'model__reg_alpha': np.float64(0.0001740299082352256), 'model__reg_lambda': np.float64(1.9924621034349888), 'model__subsample': np.float64(0.9414080082686398)}",-0.12820695362118148,-0.13807915084610972,-0.11834982024230721,-0.12241945387243804,-0.15062921447388092,-0.13153691861118347,0.011622675745385022,59
12.239810228347778,0.20507137147782062,0.23963842391967774,0.03702250118041647,0.9020993370291153,0.01477902203629742,9,991,78,0.033679936281377575,0.13213940413505262,0.9082987279340411,"{'model__colsample_bytree': np.float64(0.9020993370291153), 'model__learning_rate': np.float64(0.01477902203629742), 'model__min_child_samples': 9, 'model__n_estimators': 991, 'model__num_leaves': 78, 'model__reg_alpha': np.float64(0.033679936281377575), 'model__reg_lambda': np.float64(0.13213940413505262), 'model__subsample': np.float64(0.9082987279340411)}",-0.1305863189481569,-0.142477878038583,-0.12243102570594375,-0.12117453285585457,-0.16266781208732076,-0.1358675135271718,0.015403031026690654,118
18.596978998184206,0.4501639310903118,0.41344332695007324,0.04554547803480537,0.743341163376943,0.01759105863930014,11,1925,93,0.008389112347840602,0.07961188967202071,0.7462136138813817,"{'model__colsample_bytree': np.float64(0.743341163376943), 'model__learning_rate': np.float64(0.01759105863930014), 'model__min_child_samples': 11, 'model__n_estimators': 1925, 'model__num_leaves': 93, 'model__reg_alpha': np.float64(0.008389112347840602), 'model__reg_lambda': np.float64(0.07961188967202071), 'model__subsample': np.float64(0.7462136138813817)}",-0.12824754435825128,-0.13966682259486735,-0.12209708026662341,-0.11686503428547725,-0.15763032248010816,-0.1329013607970655,0.014511011491083893,89
3.963336372375488,0.20710451665922608,0.1499852180480957,0.029550999873047674,0.9423961569411397,0.03813982488514312,41,1101,93,0.26772156115427376,0.3379192361013682,0.7816351922014588,"{'model__colsample_bytree': np.float64(0.9423961569411397), 'model__learning_rate': np.float64(0.03813982488514312), 'model__min_child_samples': 41, 'model__n_estimators': 1101, 'model__num_leaves': 93, 'model__reg_alpha': np.float64(0.26772156115427376), 'model__reg_lambda': np.float64(0.3379192361013682), 'model__subsample': np.float64(0.7816351922014588)}",-0.1328742933913658,-0.1387038184306693,-0.12152765525126738,-0.12361936327783549,-0.15264357423657526,-0.13387374091754264,0.011262444486179664,107
9.124253845214843,0.2272079480363114,0.2591498374938965,0.028793114588503293,0.8426109936013498,0.022848193734738828,28,1619,76,0.001008583663099293,0.7614139119869378,0.7891883316733973,"{'model__colsample_bytree': np.float64(0.8426109936013498), 'model__learning_rate': np.float64(0.022848193734738828), 'model__min_child_samples': 28, 'model__n_estimators': 1619, 'model__num_leaves': 76, 'model__reg_alpha': np.float64(0.001008583663099293), 'model__reg_lambda': np.float64(0.7614139119869378), 'model__subsample': np.float64(0.7891883316733973)}",-0.12573819474862377,-0.13909024610702886,-0.1194915921181738,-0.12075668216249684,-0.15294946472354984,-0.13160523597197463,0.012731497457972448,60
4.270778703689575,0.08536356995337009,0.16146292686462402,0.03274699050966647,0.7702336274218451,0.02387714007196671,36,914,76,0.00018869508789698286,2.701005964742302,0.8930611923241643,"{'model__colsample_bytree': np.float64(0.7702336274218451), 'model__learning_rate': np.float64(0.02387714007196671), 'model__min_child_samples': 36, 'model__n_estimators': 914, 'model__num_leaves': 76, 'model__reg_alpha': np.float64(0.00018869508789698286), 'model__reg_lambda': np.float64(2.701005964742302), 'model__subsample': np.float64(0.8930611923241643)}",-0.12750664117133914,-0.13494146152034636,-0.11806076111921569,-0.11927764393300883,-0.14976384642103424,-0.12991007083298886,0.011650909097269022,23
10.579638290405274,0.14788605397888768,0.2632164478302002,0.031992569983485805,0.749678920383543,0.008089509284233194,18,1492,39,0.04972509797814942,0.4806185353184812,0.7185111629335226,"{'model__colsample_bytree': np.float64(0.749678920383543), 'model__learning_rate': np.float64(0.008089509284233194), 'model__min_child_samples': 18, 'model__n_estimators': 1492, 'model__num_leaves': 39, 'model__reg_alpha': np.float64(0.04972509797814942), 'model__reg_lambda': np.float64(0.4806185353184812), 'model__subsample': np.float64(0.7185111629335226)}",-0.12654199468756158,-0.13694416518084204,-0.11526797770993069,-0.12121125212734622,-0.1515502700678098,-0.13030313195469806,0.012793814879148364,31
9.333752870559692,0.16018575176857944,0.19553742408752442,0.02972139577537792,0.7896164321360681,0.010103748157465097,14,1100,39,0.004597318177789575,0.0021466070134458183,0.7927045630495666,"{'model__colsample_bytree': np.float64(0.7896164321360681), 'model__learning_rate': np.float64(0.010103748157465097), 'model__min_child_samples': 14, 'model__n_estimators': 1100, 'model__num_leaves': 39, 'model__reg_alpha': np.float64(0.004597318177789575), 'model__reg_lambda': np.float64(0.0021466070134458183), 'model__subsample': np.float64(0.7927045630495666)}",-0.1279327949668993,-0.1383947295267952,-0.11629536269600133,-0.12214637886405134,-0.15243958223541149,-0.13144176965783175,0.012785793844941105,57
10.460171318054199,0.2779670422847469,0.2599381446838379,0.05890531715179641,0.8672103131659018,0.03060644199380929,29,1860,66,0.00027693352161829547,0.3020220210853836,0.8901962621542243,"{'model__colsample_bytree': np.float64(0.8672103131659018), 'model__learning_rate': np.float64(0.03060644199380929), 'model__min_child_samples': 29, 'model__n_estimators': 1860, 'model__num_leaves': 66, 'model__reg_alpha': np.float64(0.00027693352161829547), 'model__reg_lambda': np.float64(0.3020220210853836), 'model__subsample': np.float64(0.8901962621542243)}",-0.12665933590091047,-0.13862687007772675,-0.1220772511820212,-0.12210834912394028,-0.15402124578787715,-0.13269861041449518,0.012257559175454291,84
6.233814668655396,0.17535849548261195,0.18379583358764648,0.036306222671123,0.840319299392374,0.03782104301732693,34,1292,46,0.003814708899459649,0.0012257033861197372,0.726972856748326,"{'model__colsample_bytree': np.float64(0.840319299392374), 'model__learning_rate': np.float64(0.03782104301732693), 'model__min_child_samples': 34, 'model__n_estimators': 1292, 'model__num_leaves': 46, 'model__reg_alpha': np.float64(0.003814708899459649), 'model__reg_lambda': np.float64(0.0012257033861197372), 'model__subsample': np.float64(0.726972856748326)}",-0.12909175750698534,-0.1370259975526568,-0.12253911528817674,-0.12500946854291312,-0.1523177933284628,-0.13319682644383896,0.010749373502071521,92
5.56576976776123,0.1490654895549174,0.20288009643554689,0.04645984237328023,0.7078572964216835,0.02883952383312295,39,1384,54,0.017207657608933332,0.07535167881746502,0.7507653061836923,"{'model__colsample_bytree': np.float64(0.7078572964216835), 'model__learning_rate': np.float64(0.02883952383312295), 'model__min_child_samples': 39, 'model__n_estimators': 1384, 'model__num_leaves': 54, 'model__reg_alpha': np.float64(0.017207657608933332), 'model__reg_lambda': np.float64(0.07535167881746502), 'model__subsample': np.float64(0.7507653061836923)}",-0.12898659696917808,-0.13572559007585283,-0.11859226045004602,-0.12041645465010987,-0.15334683874109703,-0.13141354817725676,0.01257676045321869,56
7.177780246734619,0.29791672875609876,0.23714947700500488,0.014594233354602167,0.9357133926394952,0.026738310281453622,29,1477,73,0.0975468037883334,0.1593755382804405,0.9178651475469294,"{'model__colsample_bytree': np.float64(0.9357133926394952), 'model__learning_rate': np.float64(0.026738310281453622), 'model__min_child_samples': 29, 'model__n_estimators': 1477, 'model__num_leaves': 73, 'model__reg_alpha': np.float64(0.0975468037883334), 'model__reg_lambda': np.float64(0.1593755382804405), 'model__subsample': np.float64(0.9178651475469294)}",-0.12990597139047447,-0.1396777112705226,-0.11703309446237893,-0.12124247488511827,-0.15379557077273648,-0.13233096455624613,0.013248124635300748,77
9.785987424850465,0.1019271119314742,0.3270297050476074,0.04721072409987297,0.9009180192247785,0.011650651682649421,37,2154,93,0.0002553164326656989,0.0062023775410279345,0.806776947156564,"{'model__colsample_bytree': np.float64(0.9009180192247785), 'model__learning_rate': np.float64(0.011650651682649421), 'model__min_child_samples': 37, 'model__n_estimators': 2154, 'model__num_leaves': 93, 'model__reg_alpha': np.float64(0.0002553164326656989), 'model__reg_lambda': np.float64(0.0062023775410279345), 'model__subsample': np.float64(0.806776947156564)}",-0.12926355694655797,-0.1368339002629298,-0.12006085273481269,-0.12139771785377168,-0.15393133201670287,-0.132297471962955,0.012380203654608271,76
17.04609580039978,0.2863383412015284,0.35126543045043945,0.0497145184131764,0.9045036914806233,0.04531917326180708,13,1548,93,0.0006630864123680924,0.002610877024242296,0.7844037928509069,"{'model__colsample_bytree': np.float64(0.9045036914806233), 'model__learning_rate': np.float64(0.04531917326180708), 'model__min_child_samples': 13, 'model__n_estimators': 1548, 'model__num_leaves': 93, 'model__reg_alpha': np.float64(0.0006630864123680924), 'model__reg_lambda': np.float64(0.002610877024242296), 'model__subsample': np.float64(0.7844037928509069)}",-0.1304595085299352,-0.14005383146805594,-0.12446878684563661,-0.12458737296694389,-0.15550127667945401,-0.13501415529800515,0.011711429213846002,115
9.305425453186036,0.301206606995169,0.2992878437042236,0.06104530366821723,0.9357274259781297,0.015343073058837359,39,2156,83,0.0022133749571579754,2.393338542540408,0.9406118237355278,"{'model__colsample_bytree': np.float64(0.9357274259781297), 'model__learning_rate': np.float64(0.015343073058837359), 'model__min_child_samples': 39, 'model__n_estimators': 2156, 'model__num_leaves': 83, 'model__reg_alpha': np.float64(0.0022133749571579754), 'model__reg_lambda': np.float64(2.393338542540408), 'model__subsample': np.float64(0.9406118237355278)}",-0.12792581263331068,-0.13825374626310533,-0.12223902144864461,-0.12380831901763756,-0.15379610863780402,-0.13320460160010045,0.011712418292523072,93
6.444952869415284,0.2005231961676064,0.2535096645355225,0.03423095129395971,0.762945573956341,0.021787775555148405,44,1851,48,0.0009700965710958675,2.4877608017480193,0.8027592533295578,"{'model__colsample_bytree': np.float64(0.762945573956341), 'model__learning_rate': np.float64(0.021787775555148405), 'model__min_child_samples': 44, 'model__n_estimators': 1851, 'model__num_leaves': 48, 'model__reg_alpha': np.float64(0.0009700965710958675), 'model__reg_lambda': np.float64(2.4877608017480193), 'model__subsample': np.float64(0.8027592533295578)}",-0.13267965009203736,-0.1391609606166493,-0.12218507562761657,-0.12251324358074997,-0.15249538325740122,-0.1338068626348909,0.011329691442890531,105
22.51360402107239,0.5493536303694407,0.5188231468200684,0.06761185125614771,0.7082626832251371,0.016034243301927535,8,2053,84,0.006463549495216589,2.674398646018381,0.7605138178778751,"{'model__colsample_bytree': np.float64(0.7082626832251371), 'model__learning_rate': np.float64(0.016034243301927535), 'model__min_child_samples': 8, 'model__n_estimators': 2053, 'model__num_leaves': 84, 'model__reg_alpha': np.float64(0.006463549495216589), 'model__reg_lambda': np.float64(2.674398646018381), 'model__subsample': np.float64(0.7605138178778751)}",-0.12620670290458064,-0.13622913307920212,-0.12188999555349753,-0.118205170907166,-0.15558491380489434,-0.13162318324986813,0.013412647481497389,61
11.1024160861969,0.2948126697940636,0.2971531391143799,0.03062879386203685,0.8680338868514696,0.03711537132037426,24,1666,69,0.0022930777272400396,0.1579807033544838,0.8583824276902237,"{'model__colsample_bytree': np.float64(0.8680338868514696), 'model__learning_rate': np.float64(0.03711537132037426), 'model__min_child_samples': 24, 'model__n_estimators': 1666, 'model__num_leaves': 69, 'model__reg_alpha': np.float64(0.0022930777272400396), 'model__reg_lambda': np.float64(0.1579807033544838), 'model__subsample': np.float64(0.8583824276902237)}",-0.12799919762976888,-0.13428493974123853,-0.11846824229809703,-0.12184372793269976,-0.151359718569498,-0.13079116523426043,0.011618760636751532,40
8.471096515655518,0.2553968124120624,0.24373741149902345,0.03779547679241352,0.8339436710186896,0.00959619506092125,40,2124,91,0.0075824932331333235,0.2626790880090462,0.9145897012034299,"{'model__colsample_bytree': np.float64(0.8339436710186896), 'model__learning_rate': np.float64(0.00959619506092125), 'model__min_child_samples': 40, 'model__n_estimators': 2124, 'model__num_leaves': 91, 'model__reg_alpha': np.float64(0.0075824932331333235), 'model__reg_lambda': np.float64(0.2626790880090462), 'model__subsample': np.float64(0.9145897012034299)}",-0.1281233765298897,-0.13573050775409679,-0.11888179548861766,-0.12209077765125773,-0.15075901883386555,-0.1311170952515455,0.011377416740427122,48
5.143442058563233,0.2594685133748377,0.1587423324584961,0.03852162944686251,0.7814897263004712,0.012468505360249632,33,1046,51,0.024348645087784834,0.004039180084813825,0.8727344345256165,"{'model__colsample_bytree': np.float64(0.7814897263004712), 'model__learning_rate': np.float64(0.012468505360249632), 'model__min_child_samples': 33, 'model__n_estimators': 1046, 'model__num_leaves': 51, 'model__reg_alpha': np.float64(0.024348645087784834), 'model__reg_lambda': np.float64(0.004039180084813825), 'model__subsample': np.float64(0.8727344345256165)}",-0.1258619036932898,-0.13563722698262753,-0.11511360201719129,-0.118835615064977,-0.150334656274658,-0.12915660080654873,0.012689303682930196,11
2.7083592891693113,0.0797617030356223,0.11497378349304199,0.018490502679466544,0.7966838365751343,0.05281850619488269,8,1372,81,0.2632776284157954,1.1236092691793949,0.7644854069287889,"{'model__colsample_bytree': np.float64(0.7966838365751343), 'model__learning_rate': np.float64(0.05281850619488269), 'model__min_child_samples': 8, 'model__n_estimators': 1372, 'model__num_leaves': 81, 'model__reg_alpha': np.float64(0.2632776284157954), 'model__reg_lambda': np.float64(1.1236092691793949), 'model__subsample': np.float64(0.7644854069287889)}",-0.1300236039750685,-0.13665049527104273,-0.12316954780816163,-0.11862936694803912,-0.1522231698970121,-0.13213923677986483,0.0117572414104242,73
2.996264934539795,0.14114107628891656,0.10994133949279786,0.02666246486757654,0.8649960115085447,0.04151542401999636,9,1796,79,0.3724407752883054,0.08734821489968304,0.9206590857973349,"{'model__colsample_bytree': np.float64(0.8649960115085447), 'model__learning_rate': np.float64(0.04151542401999636), 'model__min_child_samples': 9, 'model__n_estimators': 1796, 'model__num_leaves': 79, 'model__reg_alpha': np.float64(0.3724407752883054), 'model__reg_lambda': np.float64(0.08734821489968304), 'model__subsample': np.float64(0.9206590857973349)}",-0.12885891285338522,-0.14023689864277192,-0.12358884096216148,-0.12248699249194661,-0.15373963225396767,-0.1337822554408466,0.01179565406560937,104
7.542159080505371,0.22060361388273847,0.2247314929962158,0.0593415303269221,0.7471767770853448,0.014031997709005402,26,1715,47,0.2081536075585731,1.2148063701454213,0.8949688864644059,"{'model__colsample_bytree': np.float64(0.7471767770853448), 'model__learning_rate': np.float64(0.014031997709005402), 'model__min_child_samples': 26, 'model__n_estimators': 1715, 'model__num_leaves': 47, 'model__reg_alpha': np.float64(0.2081536075585731), 'model__reg_lambda': np.float64(1.2148063701454213), 'model__subsample': np.float64(0.8949688864644059)}",-0.12762676066110665,-0.13496711385536536,-0.11320543586454748,-0.11901754481798707,-0.14915807604118442,-0.1287949862480382,0.012591646264284136,4
9.722944450378417,0.36253206364351975,0.18104639053344726,0.03970634568277667,0.8605079115385719,0.009478019787727323,15,1003,51,0.014058610365180718,0.019700276441226332,0.9350333606144445,"{'model__colsample_bytree': np.float64(0.8605079115385719), 'model__learning_rate': np.float64(0.009478019787727323), 'model__min_child_samples': 15, 'model__n_estimators': 1003, 'model__num_leaves': 51, 'model__reg_alpha': np.float64(0.014058610365180718), 'model__reg_lambda': np.float64(0.019700276441226332), 'model__subsample': np.float64(0.9350333606144445)}",-0.13152557411047625,-0.14191984051654222,-0.11811460569836436,-0.11986338190106198,-0.15293010290471812,-0.13287070102623258,0.013213694379743507,86
10.900229120254517,0.22786077132950544,0.28793816566467284,0.038152905008674874,0.9434159591888293,0.014175495023171744,25,1721,66,0.02579794680369435,0.006022982241950051,0.8780448053368839,"{'model__colsample_bytree': np.float64(0.9434159591888293), 'model__learning_rate': np.float64(0.014175495023171744), 'model__min_child_samples': 25, 'model__n_estimators': 1721, 'model__num_leaves': 66, 'model__reg_alpha': np.float64(0.02579794680369435), 'model__reg_lambda': np.float64(0.006022982241950051), 'model__subsample': np.float64(0.8780448053368839)}",-0.12604042409291616,-0.1400739919262638,-0.11911633674556903,-0.12052116294239967,-0.15117773684118707,-0.13138593050966713,0.012364130000296958,53
10.534586858749389,0.44629898818159536,0.32083888053894044,0.06632747835655219,0.7593122718742,0.01541113617576135,27,2058,34,0.027070131351207165,0.09464069565308143,0.7234186919570231,"{'model__colsample_bytree': np.float64(0.7593122718742), 'model__learning_rate': np.float64(0.01541113617576135), 'model__min_child_samples': 27, 'model__n_estimators': 2058, 'model__num_leaves': 34, 'model__reg_alpha': np.float64(0.027070131351207165), 'model__reg_lambda': np.float64(0.09464069565308143), 'model__subsample': np.float64(0.7234186919570231)}",-0.12490767768154135,-0.13652140235810092,-0.11655480169074613,-0.11932283862989695,-0.15223995378230462,-0.129909334828518,0.013098167896176523,22
4.228969478607178,0.2064138154193641,0.17098550796508788,0.019805565040874766,0.7919289507648584,0.013650806353145403,37,937,69,0.0028448324444503926,1.2640202665031381,0.8577846564993157,"{'model__colsample_bytree': np.float64(0.7919289507648584), 'model__learning_rate': np.float64(0.013650806353145403), 'model__min_child_samples': 37, 'model__n_estimators': 937, 'model__num_leaves': 69, 'model__reg_alpha': np.float64(0.0028448324444503926), 'model__reg_lambda': np.float64(1.2640202665031381), 'model__subsample': np.float64(0.8577846564993157)}",-0.127287086194123,-0.13490210463423302,-0.11607565936373239,-0.11934042178426536,-0.1505705250012884,-0.12963515939552844,0.012340059615338492,16
7.197081613540649,0.2285002191703312,0.21368865966796874,0.038078440055127005,0.8987028258854121,0.022025624791856695,35,1778,95,0.15722800429179323,0.00631512699843787,0.824798344971188,"{'model__colsample_bytree': np.float64(0.8987028258854121), 'model__learning_rate': np.float64(0.022025624791856695), 'model__min_child_samples': 35, 'model__n_estimators': 1778, 'model__num_leaves': 95, 'model__reg_alpha': np.float64(0.15722800429179323), 'model__reg_lambda': np.float64(0.00631512699843787), 'model__subsample': np.float64(0.824798344971188)}",-0.13102617544904496,-0.1374146417498797,-0.1191193070532684,-0.12232004786968646,-0.15085563477318992,-0.1321471613790139,0.011360520092947225,74
12.857321071624757,0.16870169846097094,0.3785593509674072,0.05200860539179009,0.8430010498022957,0.03763759231540283,24,2095,59,0.005474073961325963,0.00937702786215871,0.9208735055665647,"{'model__colsample_bytree': np.float64(0.8430010498022957), 'model__learning_rate': np.float64(0.03763759231540283), 'model__min_child_samples': 24, 'model__n_estimators': 2095, 'model__num_leaves': 59, 'model__reg_alpha': np.float64(0.005474073961325963), 'model__reg_lambda': np.float64(0.00937702786215871), 'model__subsample': np.float64(0.9208735055665647)}",-0.12820756761142696,-0.1374358851299193,-0.11800175599873247,-0.12263638892692584,-0.15211248086663293,-0.13167881570672751,0.012095912763192745,63
3.3518970012664795,0.5269316781106224,0.12412891387939454,0.03080052071810195,0.8869296934743535,0.054586624763624934,36,1396,77,0.3763805566203948,2.2419375129121226,0.91325236386684,"{'model__colsample_bytree': np.float64(0.8869296934743535), 'model__learning_rate': np.float64(0.054586624763624934), 'model__min_child_samples': 36, 'model__n_estimators': 1396, 'model__num_leaves': 77, 'model__reg_alpha': np.float64(0.3763805566203948), 'model__reg_lambda': np.float64(2.2419375129121226), 'model__subsample': np.float64(0.91325236386684)}",-0.1333554943689209,-0.1364741374966908,-0.12022457941787715,-0.1207977981735584,-0.15351577382211282,-0.132873556655832,0.012207523450555055,87
11.12353286743164,0.644096430881865,0.3345444679260254,0.016192261398604493,0.7736122230173964,0.017380973279557056,30,2084,95,0.006237861080899535,0.01976411748957126,0.798672866702368,"{'model__colsample_bytree': np.float64(0.7736122230173964), 'model__learning_rate': np.float64(0.017380973279557056), 'model__min_child_samples': 30, 'model__n_estimators': 2084, 'model__num_leaves': 95, 'model__reg_alpha': np.float64(0.006237861080899535), 'model__reg_lambda': np.float64(0.01976411748957126), 'model__subsample': np.float64(0.798672866702368)}",-0.12613694081341287,-0.13659954774267347,-0.11965413722029432,-0.12071729918988387,-0.15310324957692273,-0.13124223490863746,0.012471784722692454,50
7.41478796005249,0.16193683925338892,0.21874022483825684,0.04314781451511646,0.9110532851815778,0.05210887455987377,31,1525,63,0.030376640212337287,0.01766275098592789,0.7635409122674346,"{'model__colsample_bytree': np.float64(0.9110532851815778), 'model__learning_rate': np.float64(0.05210887455987377), 'model__min_child_samples': 31, 'model__n_estimators': 1525, 'model__num_leaves': 63, 'model__reg_alpha': np.float64(0.030376640212337287), 'model__reg_lambda': np.float64(0.01766275098592789), 'model__subsample': np.float64(0.7635409122674346)}",-0.12779925829109856,-0.13671777079858827,-0.11924115858202329,-0.12446183434127503,-0.15276408996138832,-0.13219682239487468,0.011751334432219866,75
4.767260265350342,0.18559998478954365,0.17083473205566407,0.02211969038939672,0.7738226471047347,0.015322924660462863,40,1145,79,0.011088288379980847,0.010739936725479942,0.804945214111569,"{'model__colsample_bytree': np.float64(0.7738226471047347), 'model__learning_rate': np.float64(0.015322924660462863), 'model__min_child_samples': 40, 'model__n_estimators': 1145, 'model__num_leaves': 79, 'model__reg_alpha': np.float64(0.011088288379980847), 'model__reg_lambda': np.float64(0.010739936725479942), 'model__subsample': np.float64(0.804945214111569)}",-0.12697780799155264,-0.1347980660949988,-0.11707204672208965,-0.12028067017025706,-0.15088143675339633,-0.13000200554645888,0.01208128148714425,27
9.358328533172607,0.37780479944394463,0.18248977661132812,0.028082669359859844,0.7640517358986145,0.027428493033263193,14,935,76,0.0005231346982345045,0.0017646970932247992,0.7991959568034721,"{'model__colsample_bytree': np.float64(0.7640517358986145), 'model__learning_rate': np.float64(0.027428493033263193), 'model__min_child_samples': 14, 'model__n_estimators': 935, 'model__num_leaves': 76, 'model__reg_alpha': np.float64(0.0005231346982345045), 'model__reg_lambda': np.float64(0.0017646970932247992), 'model__subsample': np.float64(0.7991959568034721)}",-0.13263319938052762,-0.13995876990053152,-0.12087692373699631,-0.12390418060472434,-0.15668966454788497,-0.13481254763413295,0.012829929785734434,114
12.881847953796386,0.4550302336733897,0.3855471611022949,0.06529941543614512,0.7126921327598492,0.04774570490106439,22,2015,65,0.00022265701188194163,0.1025062083372346,0.7089855684491855,"{'model__colsample_bytree': np.float64(0.7126921327598492), 'model__learning_rate': np.float64(0.04774570490106439), 'model__min_child_samples': 22, 'model__n_estimators': 2015, 'model__num_leaves': 65, 'model__reg_alpha': np.float64(0.00022265701188194163), 'model__reg_lambda': np.float64(0.1025062083372346), 'model__subsample': np.float64(0.7089855684491855)}",-0.1264702664476324,-0.1347172339782369,-0.1186212575011612,-0.11936206561375272,-0.14907764037809648,-0.12964969278377594,0.011319854512178228,17
6.767354822158813,0.2485467215150965,0.20924711227416992,0.04236333725352171,0.8163995045331149,0.02387466500903527,29,1213,89,0.00012966402825629036,0.0013485410806750881,0.9056501401649145,"{'model__colsample_bytree': np.float64(0.8163995045331149), 'model__learning_rate': np.float64(0.02387466500903527), 'model__min_child_samples': 29, 'model__n_estimators': 1213, 'model__num_leaves': 89, 'model__reg_alpha': np.float64(0.00012966402825629036), 'model__reg_lambda': np.float64(0.0013485410806750881), 'model__subsample': np.float64(0.9056501401649145)}",-0.12665193489689497,-0.13668422724353807,-0.11909759469251402,-0.12014747309398238,-0.1524510054119153,-0.13100644706776893,0.012416167904833865,44
4.670663356781006,0.22702935892576162,0.1882997512817383,0.01028910932256479,0.7900476603528157,0.010334172812263958,40,1163,84,0.0010102505615241072,2.271421099128392,0.8143162904034321,"{'model__colsample_bytree': np.float64(0.7900476603528157), 'model__learning_rate': np.float64(0.010334172812263958), 'model__min_child_samples': 40, 'model__n_estimators': 1163, 'model__num_leaves': 84, 'model__reg_alpha': np.float64(0.0010102505615241072), 'model__reg_lambda': np.float64(2.271421099128392), 'model__subsample': np.float64(0.8143162904034321)}",-0.1275468726701803,-0.13548966829782286,-0.11693415321431606,-0.12080581007269418,-0.14863300303302104,-0.1298819014576069,0.011300644566242787,21
4.415667009353638,0.3272501254516133,0.14591670036315918,0.03142012190221331,0.9105057687529953,0.01183544046361873,37,946,66,0.022794710742088654,0.3347399981199451,0.9439630198656336,"{'model__colsample_bytree': np.float64(0.9105057687529953), 'model__learning_rate': np.float64(0.01183544046361873), 'model__min_child_samples': 37, 'model__n_estimators': 946, 'model__num_leaves': 66, 'model__reg_alpha': np.float64(0.022794710742088654), 'model__reg_lambda': np.float64(0.3347399981199451), 'model__subsample': np.float64(0.9439630198656336)}",-0.12863708371684024,-0.1377069589464904,-0.11523004470579644,-0.11952861662591778,-0.1505608241819338,-0.13033270563539573,0.012737741024207092,33
6.728205442428589,0.5172529905786227,0.21831955909729003,0.01602697930025633,0.8290750870752988,0.015335455716147538,24,1019,94,0.004014026215889899,0.3864795229335319,0.7627151318366653,"{'model__colsample_bytree': np.float64(0.8290750870752988), 'model__learning_rate': np.float64(0.015335455716147538), 'model__min_child_samples': 24, 'model__n_estimators': 1019, 'model__num_leaves': 94, 'model__reg_alpha': np.float64(0.004014026215889899), 'model__reg_lambda': np.float64(0.3864795229335319), 'model__subsample': np.float64(0.7627151318366653)}",-0.1260449267471595,-0.13569551222689583,-0.11388373093810424,-0.11975921671715274,-0.1502694573130303,-0.1291305687884685,0.012804378792354966,10
13.762022972106934,0.8497381450710971,0.3431069374084473,0.04296607507374498,0.7460834185828424,0.00941583386969581,16,1912,32,0.00043753267512403634,0.0034990533651792373,0.7625607245411488,"{'model__colsample_bytree': np.float64(0.7460834185828424), 'model__learning_rate': np.float64(0.00941583386969581), 'model__min_child_samples': 16, 'model__n_estimators': 1912, 'model__num_leaves': 32, 'model__reg_alpha': np.float64(0.00043753267512403634), 'model__reg_lambda': np.float64(0.0034990533651792373), 'model__subsample': np.float64(0.7625607245411488)}",-0.12908896563291142,-0.13491512006863032,-0.11618592228593788,-0.1167213322081539,-0.14934534440380756,-0.12925133691988822,0.012357831673782776,14
7.082086992263794,0.33040843444901613,0.15332703590393065,0.039037669159104005,0.83730666617653,0.03376021454776464,8,2195,92,0.05363626911591495,0.08463621996998767,0.852930186558588,"{'model__colsample_bytree': np.float64(0.83730666617653), 'model__learning_rate': np.float64(0.03376021454776464), 'model__min_child_samples': 8, 'model__n_estimators': 2195, 'model__num_leaves': 92, 'model__reg_alpha': np.float64(0.05363626911591495), 'model__reg_lambda': np.float64(0.08463621996998767), 'model__subsample': np.float64(0.852930186558588)}",-0.1328953681640646,-0.14271626582737593,-0.11994264522166985,-0.12277124233346931,-0.16205779257202058,-0.13607666282372005,0.015274585461880036,119
12.343163776397706,0.5074264264355489,0.3050496578216553,0.06496365456688094,0.8049000156069475,0.013178615271673487,23,1896,53,0.00011304232536635539,0.0025327868656968696,0.7115006605054381,"{'model__colsample_bytree': np.float64(0.8049000156069475), 'model__learning_rate': np.float64(0.013178615271673487), 'model__min_child_samples': 23, 'model__n_estimators': 1896, 'model__num_leaves': 53, 'model__reg_alpha': np.float64(0.00011304232536635539), 'model__reg_lambda': np.float64(0.0025327868656968696), 'model__subsample': np.float64(0.7115006605054381)}",-0.12471662619149308,-0.1346689537599298,-0.11778507673945245,-0.12063726394448676,-0.15067057922490912,-0.12969569997205424,0.011944774570306953,20
18.823953580856323,0.42954313623692714,0.4236776828765869,0.055353048608082885,0.7101822005797425,0.04484049585038959,12,2127,47,0.00023008357971373216,0.05121627733794623,0.8183679426951413,"{'model__colsample_bytree': np.float64(0.7101822005797425), 'model__learning_rate': np.float64(0.04484049585038959), 'model__min_child_samples': 12, 'model__n_estimators': 2127, 'model__num_leaves': 47, 'model__reg_alpha': np.float64(0.00023008357971373216), 'model__reg_lambda': np.float64(0.05121627733794623), 'model__subsample': np.float64(0.8183679426951413)}",-0.12862860163514123,-0.13382956835372878,-0.1213485557400948,-0.12069437498737616,-0.15405681196411294,-0.13171158253609078,0.012182537501655951,65
7.118576431274414,0.36400461416264135,0.22764229774475098,0.04005097905162231,0.7433004674775038,0.01917506122478649,30,1421,85,0.022345617707061605,0.001437234174530459,0.7936531536566178,"{'model__colsample_bytree': np.float64(0.7433004674775038), 'model__learning_rate': np.float64(0.01917506122478649), 'model__min_child_samples': 30, 'model__n_estimators': 1421, 'model__num_leaves': 85, 'model__reg_alpha': np.float64(0.022345617707061605), 'model__reg_lambda': np.float64(0.001437234174530459), 'model__subsample': np.float64(0.7936531536566178)}",-0.12365790730540162,-0.13648906774007344,-0.11537414991852467,-0.11961543013128322,-0.15139507004650263,-0.12930632502835712,0.013110515011314602,15
10.458229637145996,0.8996772218273754,0.22132420539855957,0.053756589125966765,0.856464978928559,0.02204778864901598,8,1915,36,0.03388140933957954,0.13848067553521198,0.9359729011401893,"{'model__colsample_bytree': np.float64(0.856464978928559), 'model__learning_rate': np.float64(0.02204778864901598), 'model__min_child_samples': 8, 'model__n_estimators': 1915, 'model__num_leaves': 36, 'model__reg_alpha': np.float64(0.03388140933957954), 'model__reg_lambda': np.float64(0.13848067553521198), 'model__subsample': np.float64(0.9359729011401893)}",-0.1314334553160211,-0.1378434333911723,-0.11871688003577746,-0.11973483754133406,-0.15738430801857098,-0.13302258286057517,0.014145507328091023,90
7.643978452682495,0.563565836772175,0.2487255573272705,0.03715774976670435,0.9360628992812918,0.04591368828436776,39,1751,55,0.03197609211607815,0.09855229162979988,0.7321250883084776,"{'model__colsample_bytree': np.float64(0.9360628992812918), 'model__learning_rate': np.float64(0.04591368828436776), 'model__min_child_samples': 39, 'model__n_estimators': 1751, 'model__num_leaves': 55, 'model__reg_alpha': np.float64(0.03197609211607815), 'model__reg_lambda': np.float64(0.09855229162979988), 'model__subsample': np.float64(0.7321250883084776)}",-0.1300655469092801,-0.14077176142801806,-0.1223126394316045,-0.1266206783687075,-0.15666411256241564,-0.13528694774000516,0.012310696849237579,116
17.418542432785035,0.21687139878814649,0.4171308994293213,0.03456543614044525,0.9028010441840006,0.041802263974465535,19,2091,41,0.0005814592014978215,0.008965944759277552,0.7536472799270935,"{'model__colsample_bytree': np.float64(0.9028010441840006), 'model__learning_rate': np.float64(0.041802263974465535), 'model__min_child_samples': 19, 'model__n_estimators': 2091, 'model__num_leaves': 41, 'model__reg_alpha': np.float64(0.0005814592014978215), 'model__reg_lambda': np.float64(0.008965944759277552), 'model__subsample': np.float64(0.7536472799270935)}",-0.12831664997842915,-0.13804758165677733,-0.12150809240404266,-0.12321235234216026,-0.15553840540511635,-0.13332461635730514,0.012511807816479982,96
6.762025022506714,0.31370573354171405,0.22194695472717285,0.045415822347952016,0.794314770806994,0.00865336683472396,42,1626,48,0.026637800342265025,0.021881182191421048,0.8704034172431974,"{'model__colsample_bytree': np.float64(0.794314770806994), 'model__learning_rate': np.float64(0.00865336683472396), 'model__min_child_samples': 42, 'model__n_estimators': 1626, 'model__num_leaves': 48, 'model__reg_alpha': np.float64(0.026637800342265025), 'model__reg_lambda': np.float64(0.021881182191421048), 'model__subsample': np.float64(0.8704034172431974)}",-0.1277592157060259,-0.13709676161372134,-0.11776962562983628,-0.12229122968706405,-0.149529737079832,-0.1308893139432959,0.011330035927434052,41
16.27943620681763,0.1607251003972936,0.4458492279052734,0.037645123970434326,0.78515614236606,0.013527379382941714,14,2119,89,0.03777546991989394,0.153783783151414,0.9193680033817632,"{'model__colsample_bytree': np.float64(0.78515614236606), 'model__learning_rate': np.float64(0.013527379382941714), 'model__min_child_samples': 14, 'model__n_estimators': 2119, 'model__num_leaves': 89, 'model__reg_alpha': np.float64(0.03777546991989394), 'model__reg_lambda': np.float64(0.153783783151414), 'model__subsample': np.float64(0.9193680033817632)}",-0.12897585631024505,-0.13888464325015942,-0.11904670933477703,-0.1233735176377081,-0.15401352989257724,-0.13285885128509337,0.012487234004572795,85
5.172286510467529,0.19159936656284685,0.1843808650970459,0.01811614012004243,0.8837677609509714,0.040381739703805174,43,1356,55,0.09648448853850702,2.7803948931846794,0.8031544192278566,"{'model__colsample_bytree': np.float64(0.8837677609509714), 'model__learning_rate': np.float64(0.040381739703805174), 'model__min_child_samples': 43, 'model__n_estimators': 1356, 'model__num_leaves': 55, 'model__reg_alpha': np.float64(0.09648448853850702), 'model__reg_lambda': np.float64(2.7803948931846794), 'model__subsample': np.float64(0.8031544192278566)}",-0.1342064384348133,-0.13989122894751427,-0.12623710431940044,-0.12358379913594225,-0.15357256953985232,-0.13549822807550452,0.010727264578529534,117
7.784732484817505,0.3236936729252103,0.27559309005737304,0.02251005572445601,0.7930045214481958,0.038238327926931735,31,1562,93,0.011976448206583836,0.00675507557912136,0.8699611949750614,"{'model__colsample_bytree': np.float64(0.7930045214481958), 'model__learning_rate': np.float64(0.038238327926931735), 'model__min_child_samples': 31, 'model__n_estimators': 1562, 'model__num_leaves': 93, 'model__reg_alpha': np.float64(0.011976448206583836), 'model__reg_lambda': np.float64(0.00675507557912136), 'model__subsample': np.float64(0.8699611949750614)}",-0.12565375727424527,-0.13840465910370978,-0.11981511817187568,-0.12061221201718578,-0.15189782106362504,-0.1312767135261283,0.01226992324131998,51
9.628245067596435,0.3094655185883278,0.3018989562988281,0.01099316903059129,0.8849771901118436,0.012928889256976946,37,2196,80,0.007394577590459725,0.7476405039016405,0.780012400257653,"{'model__colsample_bytree': np.float64(0.8849771901118436), 'model__learning_rate': np.float64(0.012928889256976946), 'model__min_child_samples': 37, 'model__n_estimators': 2196, 'model__num_leaves': 80, 'model__reg_alpha': np.float64(0.007394577590459725), 'model__reg_lambda': np.float64(0.7476405039016405), 'model__subsample': np.float64(0.780012400257653)}",-0.12649406131341429,-0.13687405654644086,-0.1213490616937476,-0.1221087078232636,-0.1530448157640328,-0.13197414062817983,0.011901536562763946,71
8.350461101531982,0.37469965445422626,0.1866608142852783,0.052984674449420316,0.9238808071240501,0.01752529349084196,19,1344,72,0.1360056904019926,0.01714148255999377,0.9392002212816141,"{'model__colsample_bytree': np.float64(0.9238808071240501), 'model__learning_rate': np.float64(0.01752529349084196), 'model__min_child_samples': 19, 'model__n_estimators': 1344, 'model__num_leaves': 72, 'model__reg_alpha': np.float64(0.1360056904019926), 'model__reg_lambda': np.float64(0.01714148255999377), 'model__subsample': np.float64(0.9392002212816141)}",-0.12799928308297173,-0.13804129064333912,-0.11719297431739908,-0.12496429124568274,-0.15485461681450008,-0.13261049122077856,0.012974761252621675,82
12.470255517959595,0.48856263429185026,0.355206823348999,0.03420404187676944,0.8691924761060758,0.02115073085293794,23,1784,36,0.001215004396570625,0.013893333998951932,0.8681296140192596,"{'model__colsample_bytree': np.float64(0.8691924761060758), 'model__learning_rate': np.float64(0.02115073085293794), 'model__min_child_samples': 23, 'model__n_estimators': 1784, 'model__num_leaves': 36, 'model__reg_alpha': np.float64(0.001215004396570625), 'model__reg_lambda': np.float64(0.013893333998951932), 'model__subsample': np.float64(0.8681296140192596)}",-0.12712883756612983,-0.13621217731904667,-0.11815387033603067,-0.12232044121393736,-0.1514638544389668,-0.13105583617482225,0.011842839432888963,46
14.334598779678345,0.4564410184851792,0.37132930755615234,0.05050915368674382,0.88809363235942,0.039424858662886135,21,2146,89,0.004297422769595235,1.2208296877428078,0.7877287531380196,"{'model__colsample_bytree': np.float64(0.88809363235942), 'model__learning_rate': np.float64(0.039424858662886135), 'model__min_child_samples': 21, 'model__n_estimators': 2146, 'model__num_leaves': 89, 'model__reg_alpha': np.float64(0.004297422769595235), 'model__reg_lambda': np.float64(1.2208296877428078), 'model__subsample': np.float64(0.7877287531380196)}",-0.12688832711814452,-0.13296392250329062,-0.12092840366527545,-0.12341600630554744,-0.15134937833941153,-0.1311092075863339,0.01089728797352256,47
10.634976005554199,0.2558436234159714,0.30344648361206056,0.04175020689531444,0.7292667541069014,0.010671278859561047,17,1853,75,0.1608871426299651,0.8231884823425912,0.8065228687617352,"{'model__colsample_bytree': np.float64(0.7292667541069014), 'model__learning_rate': np.float64(0.010671278859561047), 'model__min_child_samples': 17, 'model__n_estimators': 1853, 'model__num_leaves': 75, 'model__reg_alpha': np.float64(0.1608871426299651), 'model__reg_lambda': np.float64(0.8231884823425912), 'model__subsample': np.float64(0.8065228687617352)}",-0.1257302662000863,-0.1362559921667507,-0.11544359241665787,-0.12038639235529067,-0.15047018526681571,-0.12965728568112023,0.012490954629068978,18
6.70385890007019,0.3661173995839519,0.24272046089172364,0.03721588833180097,0.7556441043927575,0.017790347813602225,34,1533,33,0.00019994322806980665,0.0019723819470948314,0.9466598946252938,"{'model__colsample_bytree': np.float64(0.7556441043927575), 'model__learning_rate': np.float64(0.017790347813602225), 'model__min_child_samples': 34, 'model__n_estimators': 1533, 'model__num_leaves': 33, 'model__reg_alpha': np.float64(0.00019994322806980665), 'model__reg_lambda': np.float64(0.0019723819470948314), 'model__subsample': np.float64(0.9466598946252938)}",-0.12658544870986957,-0.13438888164668258,-0.11813602098275099,-0.12045828033996608,-0.15016604475035736,-0.12994693528592532,0.011570437643995474,24
4.928064155578613,0.23247914805247075,0.19784049987792968,0.03881455887019814,0.79356769893903,0.01688202629852416,24,1410,38,0.4438010846612993,0.41647343107358165,0.7940648963827289,"{'model__colsample_bytree': np.float64(0.79356769893903), 'model__learning_rate': np.float64(0.01688202629852416), 'model__min_child_samples': 24, 'model__n_estimators': 1410, 'model__num_leaves': 38, 'model__reg_alpha': np.float64(0.4438010846612993), 'model__reg_lambda': np.float64(0.41647343107358165), 'model__subsample': np.float64(0.7940648963827289)}",-0.1294850319871649,-0.1319393674057242,-0.11594847789931717,-0.12090792128278076,-0.1500152480462167,-0.12965920932424074,0.011697580687158149,19
6.892992782592773,0.2627765943005559,0.2557889461517334,0.03445057957182963,0.7208751791746671,0.03829491845569328,34,1613,57,0.001665690077645358,0.03240721740539065,0.7634205434682846,"{'model__colsample_bytree': np.float64(0.7208751791746671), 'model__learning_rate': np.float64(0.03829491845569328), 'model__min_child_samples': 34, 'model__n_estimators': 1613, 'model__num_leaves': 57, 'model__reg_alpha': np.float64(0.001665690077645358), 'model__reg_lambda': np.float64(0.03240721740539065), 'model__subsample': np.float64(0.7634205434682846)}",-0.1264786114264558,-0.13499001745696937,-0.1206684738408017,-0.12403503908159028,-0.151329234045821,-0.13150027517032764,0.01098763566899272,58
8.084191608428956,0.4134215625063944,0.2435450077056885,0.06477805470018319,0.8013005216953543,0.02530252685211319,27,1375,39,0.00027209844605808594,0.18087683091551746,0.8865112198163558,"{'model__colsample_bytree': np.float64(0.8013005216953543), 'model__learning_rate': np.float64(0.02530252685211319), 'model__min_child_samples': 27, 'model__n_estimators': 1375, 'model__num_leaves': 39, 'model__reg_alpha': np.float64(0.00027209844605808594), 'model__reg_lambda': np.float64(0.18087683091551746), 'model__subsample': np.float64(0.8865112198163558)}",-0.12508459343938702,-0.13579407806041535,-0.11780810917214866,-0.120633990240797,-0.15278522892944207,-0.130421199968438,0.012746580037751759,35
9.128904676437378,0.46748084613527147,0.25500168800354006,0.04227092679578996,0.8458421912742898,0.05559681502451625,32,1723,64,0.0006715437318486371,2.234814934373606,0.703038618672454,"{'model__colsample_bytree': np.float64(0.8458421912742898), 'model__learning_rate': np.float64(0.05559681502451625), 'model__min_child_samples': 32, 'model__n_estimators': 1723, 'model__num_leaves': 64, 'model__reg_alpha': np.float64(0.0006715437318486371), 'model__reg_lambda': np.float64(2.234814934373606), 'model__subsample': np.float64(0.703038618672454)}",-0.129494923642072,-0.13579214078204338,-0.12411548137383545,-0.1234752879426944,-0.15291662938002548,-0.13315889262413413,0.010828502324386105,91
5.194556617736817,0.2685857596704038,0.1681899070739746,0.024604108511815027,0.9424697066769097,0.008726850860808301,28,979,85,0.26316488731000737,1.569917350125865,0.7632475419973103,"{'model__colsample_bytree': np.float64(0.9424697066769097), 'model__learning_rate': np.float64(0.008726850860808301), 'model__min_child_samples': 28, 'model__n_estimators': 979, 'model__num_leaves': 85, 'model__reg_alpha': np.float64(0.26316488731000737), 'model__reg_lambda': np.float64(1.569917350125865), 'model__subsample': np.float64(0.7632475419973103)}",-0.12861637441632603,-0.13806608842736745,-0.11569884049816015,-0.11891727788837216,-0.1486610763057249,-0.12999193150719013,0.01218656258474672,26
7.728791952133179,0.6557126540205188,0.24767155647277833,0.05849938586847472,0.8738527807766618,0.0093132194627298,21,2066,62,0.4825589619302263,0.26502871122187044,0.7960504578448049,"{'model__colsample_bytree': np.float64(0.8738527807766618), 'model__learning_rate': np.float64(0.0093132194627298), 'model__min_child_samples': 21, 'model__n_estimators': 2066, 'model__num_leaves': 62, 'model__reg_alpha': np.float64(0.4825589619302263), 'model__reg_lambda': np.float64(0.26502871122187044), 'model__subsample': np.float64(0.7960504578448049)}",-0.1296000527045289,-0.13328259036033918,-0.11610854266479946,-0.12171742044213178,-0.15102311130919827,-0.1303463434961995,0.011948895416507763,34
3.5309235572814943,0.292775828323111,0.13276371955871583,0.03216614989191105,0.8842751764607548,0.05058172167293535,17,1635,47,0.19636271696105898,0.038403762919359256,0.8550331494503841,"{'model__colsample_bytree': np.float64(0.8842751764607548), 'model__learning_rate': np.float64(0.05058172167293535), 'model__min_child_samples': 17, 'model__n_estimators': 1635, 'model__num_leaves': 47, 'model__reg_alpha': np.float64(0.19636271696105898), 'model__reg_lambda': np.float64(0.038403762919359256), 'model__subsample': np.float64(0.8550331494503841)}",-0.12943102099111672,-0.13801278154777322,-0.11853999815604613,-0.12413890705012055,-0.15432386287183536,-0.1328893141233784,0.012490973401344817,88
7.169820880889892,0.3067078416051368,0.28444538116455076,0.03172685613342964,0.7693452957452831,0.011687120630145055,33,1597,91,0.014418711445045784,0.0018633427949552495,0.9435987019165416,"{'model__colsample_bytree': np.float64(0.7693452957452831), 'model__learning_rate': np.float64(0.011687120630145055), 'model__min_child_samples': 33, 'model__n_estimators': 1597, 'model__num_leaves': 91, 'model__reg_alpha': np.float64(0.014418711445045784), 'model__reg_lambda': np.float64(0.0018633427949552495), 'model__subsample': np.float64(0.9435987019165416)}",-0.12625100473226225,-0.13485516500535533,-0.1156860775038664,-0.1189179270381075,-0.15017943006384327,-0.12917792086868696,0.012402891907257876,12
14.520683479309081,0.6195528581754389,0.38402376174926756,0.036831033291513916,0.9465526861199007,0.03266060749937989,24,2124,64,0.0033192604108083115,0.12472275457750494,0.7677394106287825,"{'model__colsample_bytree': np.float64(0.9465526861199007), 'model__learning_rate': np.float64(0.03266060749937989), 'model__min_child_samples': 24, 'model__n_estimators': 2124, 'model__num_leaves': 64, 'model__reg_alpha': np.float64(0.0033192604108083115), 'model__reg_lambda': np.float64(0.12472275457750494), 'model__subsample': np.float64(0.7677394106287825)}",-0.12709721789382836,-0.13836241284681897,-0.11873378678639569,-0.1243849245671597,-0.15209190208364992,-0.13213404883557053,0.011849844221575305,72
16.36676173210144,0.49107089701471657,0.4068248748779297,0.04307724972155702,0.7332962813059374,0.009327601582507875,13,1782,95,0.014115722219896182,1.5706822114705898,0.7206871050088265,"{'model__colsample_bytree': np.float64(0.7332962813059374), 'model__learning_rate': np.float64(0.009327601582507875), 'model__min_child_samples': 13, 'model__n_estimators': 1782, 'model__num_leaves': 95, 'model__reg_alpha': np.float64(0.014115722219896182), 'model__reg_lambda': np.float64(1.5706822114705898), 'model__subsample': np.float64(0.7206871050088265)}",-0.12890180554799047,-0.13539450395685002,-0.11743163695871874,-0.1197789946220633,-0.1533191519038499,-0.1309652185978945,0.012898558177365174,43
22.04648518562317,0.4993662679721199,0.4413603782653809,0.03282017494671689,0.9191653714814482,0.024308780248038415,12,2042,87,0.0024690319042149403,0.6582520412667798,0.9468190323287361,"{'model__colsample_bytree': np.float64(0.9191653714814482), 'model__learning_rate': np.float64(0.024308780248038415), 'model__min_child_samples': 12, 'model__n_estimators': 2042, 'model__num_leaves': 87, 'model__reg_alpha': np.float64(0.0024690319042149403), 'model__reg_lambda': np.float64(0.6582520412667798), 'model__subsample': np.float64(0.9468190323287361)}",-0.12952336991955665,-0.13835468946274118,-0.12058845270673456,-0.1228246798687346,-0.15909782292541103,-0.13407780297663557,0.013954435618176901,108
7.968213033676148,0.24926563240281666,0.24934148788452148,0.056568603696375654,0.737604222775882,0.02648443798481589,32,1726,58,0.01273547901201772,0.0016627935553242188,0.7092054669089978,"{'model__colsample_bytree': np.float64(0.737604222775882), 'model__learning_rate': np.float64(0.02648443798481589), 'model__min_child_samples': 32, 'model__n_estimators': 1726, 'model__num_leaves': 58, 'model__reg_alpha': np.float64(0.01273547901201772), 'model__reg_lambda': np.float64(0.0016627935553242188), 'model__subsample': np.float64(0.7092054669089978)}",-0.12680925301253212,-0.13544585174106466,-0.11765082219236413,-0.12048473980998534,-0.15263423745497565,-0.13060498084218436,0.012596501360323416,38
12.46737027168274,0.2866079262756685,0.28818764686584475,0.07319191611490426,0.7334630297001583,0.008223445031902806,13,1375,48,0.009473944653470203,0.4050704907470523,0.9282914380644107,"{'model__colsample_bytree': np.float64(0.7334630297001583), 'model__learning_rate': np.float64(0.008223445031902806), 'model__min_child_samples': 13, 'model__n_estimators': 1375, 'model__num_leaves': 48, 'model__reg_alpha': np.float64(0.009473944653470203), 'model__reg_lambda': np.float64(0.4050704907470523), 'model__subsample': np.float64(0.9282914380644107)}",-0.12868631629292152,-0.13557911080341908,-0.11540481380249977,-0.11945572339438777,-0.15364777666970525,-0.13055474819258667,0.013525768629906386,36
8.837520313262939,0.19328467831130847,0.2302380084991455,0.027576973279953648,0.846287383081368,0.03455335405101548,17,982,48,0.0007794092636567348,0.0051637768945530646,0.7628606098779496,"{'model__colsample_bytree': np.float64(0.846287383081368), 'model__learning_rate': np.float64(0.03455335405101548), 'model__min_child_samples': 17, 'model__n_estimators': 982, 'model__num_leaves': 48, 'model__reg_alpha': np.float64(0.0007794092636567348), 'model__reg_lambda': np.float64(0.0051637768945530646), 'model__subsample': np.float64(0.7628606098779496)}",-0.13030817657089344,-0.14192931298169675,-0.12167936208213219,-0.12286253931434718,-0.15528367683928182,-0.13441261355767026,0.012684544642045168,110
19.187495517730714,0.7223596487202463,0.3872540473937988,0.04140574089756682,0.7686829492564772,0.0121458209708664,8,1780,71,0.019339169520148868,0.01759442991058011,0.7283893980499072,"{'model__colsample_bytree': np.float64(0.7686829492564772), 'model__learning_rate': np.float64(0.0121458209708664), 'model__min_child_samples': 8, 'model__n_estimators': 1780, 'model__num_leaves': 71, 'model__reg_alpha': np.float64(0.019339169520148868), 'model__reg_lambda': np.float64(0.01759442991058011), 'model__subsample': np.float64(0.7283893980499072)}",-0.12771269325382267,-0.13989195266808974,-0.11839208718933811,-0.11742378566340855,-0.15988870335895664,-0.13266184442672313,0.015836002123755685,83
9.401577281951905,0.4427371976661345,0.1619400978088379,0.034628374868657934,0.8678932988981999,0.02282396544291739,10,1167,32,0.011002385099390466,0.08921735493960735,0.9191634006645862,"{'model__colsample_bytree': np.float64(0.8678932988981999), 'model__learning_rate': np.float64(0.02282396544291739), 'model__min_child_samples': 10, 'model__n_estimators': 1167, 'model__num_leaves': 32, 'model__reg_alpha': np.float64(0.011002385099390466), 'model__reg_lambda': np.float64(0.08921735493960735), 'model__subsample': np.float64(0.9191634006645862)}",-0.13131644612213034,-0.13725003459129081,-0.11847922960087631,-0.11915141152586346,-0.15335568842912195,-0.1319105620538566,0.012899248037214539,68
10.934202718734742,0.46132470907651457,0.31392393112182615,0.030673427341149306,0.8008707165530993,0.010480005778577151,30,2130,68,0.019701823489206502,0.2806536706341622,0.7532410403772276,"{'model__colsample_bytree': np.float64(0.8008707165530993), 'model__learning_rate': np.float64(0.010480005778577151), 'model__min_child_samples': 30, 'model__n_estimators': 2130, 'model__num_leaves': 68, 'model__reg_alpha': np.float64(0.019701823489206502), 'model__reg_lambda': np.float64(0.2806536706341622), 'model__subsample': np.float64(0.7532410403772276)}",-0.12657036308049996,-0.13858940664098718,-0.11675613804797424,-0.12078028404380348,-0.1511039585185554,-0.13076003006636405,0.012557326102360431,39
6.374372911453247,0.20118773127452613,0.20726280212402343,0.04859791850772974,0.7340928688966923,0.008237917920708217,41,1697,46,0.004151515026638261,1.3927379648853384,0.7870638667558251,"{'model__colsample_bytree': np.float64(0.7340928688966923), 'model__learning_rate': np.float64(0.008237917920708217), 'model__min_child_samples': 41, 'model__n_estimators': 1697, 'model__num_leaves': 46, 'model__reg_alpha': np.float64(0.004151515026638261), 'model__reg_lambda': np.float64(1.3927379648853384), 'model__subsample': np.float64(0.7870638667558251)}",-0.1283795659689712,-0.13617712022063327,-0.11666313493676297,-0.1211101894891759,-0.14929109511644528,-0.1303242211463977,0.011569823467411292,32
5.799787282943726,0.22672947716608197,0.22794032096862793,0.02858534649288436,0.8284973722899527,0.038800237358941614,37,1658,73,0.15483084767171126,2.0026190464063944,0.7367683702322594,"{'model__colsample_bytree': np.float64(0.8284973722899527), 'model__learning_rate': np.float64(0.038800237358941614), 'model__min_child_samples': 37, 'model__n_estimators': 1658, 'model__num_leaves': 73, 'model__reg_alpha': np.float64(0.15483084767171126), 'model__reg_lambda': np.float64(2.0026190464063944), 'model__subsample': np.float64(0.7367683702322594)}",-0.1318397892106537,-0.13614561831440022,-0.12059047093366465,-0.1250516198366421,-0.1539817754468446,-0.13352185474844105,0.011552379854684037,99
5.147490453720093,0.49187121501565667,0.17157959938049316,0.034539467170675096,0.9316469062903736,0.02156363103178339,27,1883,36,0.4218043937231953,0.05162889678662617,0.782187902571877,"{'model__colsample_bytree': np.float64(0.9316469062903736), 'model__learning_rate': np.float64(0.02156363103178339), 'model__min_child_samples': 27, 'model__n_estimators': 1883, 'model__num_leaves': 36, 'model__reg_alpha': np.float64(0.4218043937231953), 'model__reg_lambda': np.float64(0.05162889678662617), 'model__subsample': np.float64(0.782187902571877)}",-0.1315208327064747,-0.13575993629642416,-0.11681129667898349,-0.12323908091446968,-0.1518045667832408,-0.13182714267591858,0.01194896314535133,66
11.275137042999267,0.7828894756693822,0.34926867485046387,0.02364985918217495,0.8583502135791814,0.012978727542764768,30,2106,47,0.00036465612015410535,0.003038917518630114,0.8602186862008037,"{'model__colsample_bytree': np.float64(0.8583502135791814), 'model__learning_rate': np.float64(0.012978727542764768), 'model__min_child_samples': 30, 'model__n_estimators': 2106, 'model__num_leaves': 47, 'model__reg_alpha': np.float64(0.00036465612015410535), 'model__reg_lambda': np.float64(0.003038917518630114), 'model__subsample': np.float64(0.8602186862008037)}",-0.12709749823732244,-0.13979952485552352,-0.1191303565004632,-0.1213906993238433,-0.1524141772619217,-0.13196645123581482,0.01248827531591551,70
15.807184219360352,0.5572787328911475,0.3642879486083984,0.06209746099326403,0.7454700210997862,0.01605351124730057,10,2118,58,0.029462937938339522,0.003973535402661127,0.7480722547021676,"{'model__colsample_bytree': np.float64(0.7454700210997862), 'model__learning_rate': np.float64(0.01605351124730057), 'model__min_child_samples': 10, 'model__n_estimators': 2118, 'model__num_leaves': 58, 'model__reg_alpha': np.float64(0.029462937938339522), 'model__reg_lambda': np.float64(0.003973535402661127), 'model__subsample': np.float64(0.7480722547021676)}",-0.12876561272552395,-0.13982567215888744,-0.11790534819450911,-0.12012419041237178,-0.1560821727623358,-0.13254059925072564,0.01407043905402295,81
6.747033548355103,0.20980609645768322,0.24123778343200683,0.037761400588968784,0.7102171540666197,0.011243939929035959,35,1581,92,0.00013111264019879964,0.08090021288433646,0.8336058759331307,"{'model__colsample_bytree': np.float64(0.7102171540666197), 'model__learning_rate': np.float64(0.011243939929035959), 'model__min_child_samples': 35, 'model__n_estimators': 1581, 'model__num_leaves': 92, 'model__reg_alpha': np.float64(0.00013111264019879964), 'model__reg_lambda': np.float64(0.08090021288433646), 'model__subsample': np.float64(0.8336058759331307)}",-0.12670166083728177,-0.1332456112795943,-0.1155527540245861,-0.11986850841331276,-0.14863294085453196,-0.12880029508186136,0.011599768077778402,5
5.802672863006592,0.23142212401745696,0.18029699325561524,0.036518187627813704,0.7889978710679965,0.048482485339942115,21,1996,57,0.09057223541786659,0.1525055996111459,0.7204397579872179,"{'model__colsample_bytree': np.float64(0.7889978710679965), 'model__learning_rate': np.float64(0.048482485339942115), 'model__min_child_samples': 21, 'model__n_estimators': 1996, 'model__num_leaves': 57, 'model__reg_alpha': np.float64(0.09057223541786659), 'model__reg_lambda': np.float64(0.1525055996111459), 'model__subsample': np.float64(0.7204397579872179)}",-0.12516705298098135,-0.1366697925903621,-0.11642637914988081,-0.12098506738201077,-0.15048746298295745,-0.12994715101723847,0.012272553748751107,25
5.75264720916748,0.31807564224567536,0.19481911659240722,0.020022395563113984,0.9183946560266942,0.051157551865062406,24,1949,67,0.09596532786619484,0.3997511055316096,0.7461302548390942,"{'model__colsample_bytree': np.float64(0.9183946560266942), 'model__learning_rate': np.float64(0.051157551865062406), 'model__min_child_samples': 24, 'model__n_estimators': 1949, 'model__num_leaves': 67, 'model__reg_alpha': np.float64(0.09596532786619484), 'model__reg_lambda': np.float64(0.3997511055316096), 'model__subsample': np.float64(0.7461302548390942)}",-0.12819567742254334,-0.13703266855863544,-0.1169807058260131,-0.12633317485532125,-0.15337946920836287,-0.1323843391741752,0.012278728341541336,79
6.7354819774627686,0.3270039172372686,0.22974181175231934,0.026354900575645955,0.7523373308341775,0.016876243123461414,29,1425,57,0.06472204965265042,0.07035183748555543,0.8801290153478661,"{'model__colsample_bytree': np.float64(0.7523373308341775), 'model__learning_rate': np.float64(0.016876243123461414), 'model__min_child_samples': 29, 'model__n_estimators': 1425, 'model__num_leaves': 57, 'model__reg_alpha': np.float64(0.06472204965265042), 'model__reg_lambda': np.float64(0.07035183748555543), 'model__subsample': np.float64(0.8801290153478661)}",-0.12576914942854378,-0.1352171648161085,-0.11479995294290586,-0.11837422447183327,-0.15127105757503023,-0.12908630984688432,0.013111847576343897,9
11.976674938201905,0.5214134735929556,0.2485185146331787,0.062115547584050065,0.7155853406278103,0.010773845501468543,14,1926,78,0.1329109366310757,0.40411645369210436,0.7076180381833985,"{'model__colsample_bytree': np.float64(0.7155853406278103), 'model__learning_rate': np.float64(0.010773845501468543), 'model__min_child_samples': 14, 'model__n_estimators': 1926, 'model__num_leaves': 78, 'model__reg_alpha': np.float64(0.1329109366310757), 'model__reg_lambda': np.float64(0.40411645369210436), 'model__subsample': np.float64(0.7076180381833985)}",-0.12659604078161404,-0.13571587863409318,-0.11536499964115612,-0.12288697071997058,-0.152291499519523,-0.13057107785927138,0.012683193045792358,37
13.108032655715942,0.860756505420813,0.3536245822906494,0.038599645859503665,0.9168037452686808,0.016330144217292963,22,2115,56,0.053412110447659054,0.004303513287627688,0.8409912730047091,"{'model__colsample_bytree': np.float64(0.9168037452686808), 'model__learning_rate': np.float64(0.016330144217292963), 'model__min_child_samples': 22, 'model__n_estimators': 2115, 'model__num_leaves': 56, 'model__reg_alpha': np.float64(0.053412110447659054), 'model__reg_lambda': np.float64(0.004303513287627688), 'model__subsample': np.float64(0.8409912730047091)}",-0.1283612970642727,-0.1371933920586428,-0.11624245520936415,-0.12324581730663543,-0.15002597437589277,-0.13101378720296158,0.011706580084568458,45
5.593260812759399,0.15448998484583182,0.1647561550140381,0.020948651236285,0.9101774964694828,0.009575230549438795,32,1044,44,0.01569208603233591,0.2297846998967899,0.8972928096518346,"{'model__colsample_bytree': np.float64(0.9101774964694828), 'model__learning_rate': np.float64(0.009575230549438795), 'model__min_child_samples': 32, 'model__n_estimators': 1044, 'model__num_leaves': 44, 'model__reg_alpha': np.float64(0.01569208603233591), 'model__reg_lambda': np.float64(0.2297846998967899), 'model__subsample': np.float64(0.8972928096518346)}",-0.12808512157439642,-0.13826516306432324,-0.11420954553627378,-0.11966711627121998,-0.1510062035546402,-0.13024663000017073,0.01318364952645701,30
4.865024375915527,0.2075995772720084,0.15846796035766603,0.0273869643755614,0.8246105497322642,0.009531265430018766,29,933,78,0.057195025117990086,0.03169075478547155,0.7318950756988909,"{'model__colsample_bytree': np.float64(0.8246105497322642), 'model__learning_rate': np.float64(0.009531265430018766), 'model__min_child_samples': 29, 'model__n_estimators': 933, 'model__num_leaves': 78, 'model__reg_alpha': np.float64(0.057195025117990086), 'model__reg_lambda': np.float64(0.03169075478547155), 'model__subsample': np.float64(0.7318950756988909)}",-0.12526228251103566,-0.13808784124524234,-0.11355612762809578,-0.11795323896679764,-0.14788005243386948,-0.12854790855700818,0.012747846565062754,2
5.75473427772522,0.28848066964200086,0.19219298362731935,0.026985937186076305,0.770943976449681,0.016626821715298414,33,1214,76,0.0016670519091841107,1.7642482111402016,0.7018835907835186,"{'model__colsample_bytree': np.float64(0.770943976449681), 'model__learning_rate': np.float64(0.016626821715298414), 'model__min_child_samples': 33, 'model__n_estimators': 1214, 'model__num_leaves': 76, 'model__reg_alpha': np.float64(0.0016670519091841107), 'model__reg_lambda': np.float64(1.7642482111402016), 'model__subsample': np.float64(0.7018835907835186)}",-0.1266386809549683,-0.13472389975142746,-0.1170028233840449,-0.11844659616141334,-0.1493509945840171,-0.1292325989671742,0.011895695898034523,13
21.047782373428344,0.58634941827674,0.4100783824920654,0.07610400447344592,0.756333199428132,0.01670319638181637,11,1742,93,0.0011338575007676288,0.004007199949483533,0.9241913561566062,"{'model__colsample_bytree': np.float64(0.756333199428132), 'model__learning_rate': np.float64(0.01670319638181637), 'model__min_child_samples': 11, 'model__n_estimators': 1742, 'model__num_leaves': 93, 'model__reg_alpha': np.float64(0.0011338575007676288), 'model__reg_lambda': np.float64(0.004007199949483533), 'model__subsample': np.float64(0.9241913561566062)}",-0.12799898251981653,-0.1403930709033637,-0.12177238927683118,-0.11767880786298072,-0.1583654145118227,-0.13324173301496295,0.014721263012212714,95
5.07404146194458,0.26492481599379786,0.20785346031188964,0.03902872586256693,0.7200584364154106,0.023018106027769027,44,1447,55,0.0002596740422148609,0.024176429352105382,0.9423676083188421,"{'model__colsample_bytree': np.float64(0.7200584364154106), 'model__learning_rate': np.float64(0.023018106027769027), 'model__min_child_samples': 44, 'model__n_estimators': 1447, 'model__num_leaves': 55, 'model__reg_alpha': np.float64(0.0002596740422148609), 'model__reg_lambda': np.float64(0.024176429352105382), 'model__subsample': np.float64(0.9423676083188421)}",-0.13106332954259842,-0.13871360939930252,-0.12234873977451073,-0.12256936065742462,-0.15402780555038484,-0.13374456898484421,0.011815585450693307,103
6.385633707046509,0.4298121255875072,0.1818441390991211,0.03807183935203702,0.916376781473495,0.04150286767435828,37,1403,69,0.029736593365141135,1.7043273189085493,0.8391907232534824,"{'model__colsample_bytree': np.float64(0.916376781473495), 'model__learning_rate': np.float64(0.04150286767435828), 'model__min_child_samples': 37, 'model__n_estimators': 1403, 'model__num_leaves': 69, 'model__reg_alpha': np.float64(0.029736593365141135), 'model__reg_lambda': np.float64(1.7043273189085493), 'model__subsample': np.float64(0.8391907232534824)}",-0.12987694611244033,-0.13933170747955026,-0.12280995967010197,-0.12424159351296017,-0.15618033767624975,-0.13448810889026047,0.012301595878153096,111
14.282161474227905,0.4719613364918595,0.2588919162750244,0.04580143837458004,0.8429031723674749,0.0140633519773386,12,1225,57,0.0015749972015950745,0.03015046977267635,0.8269025946711137,"{'model__colsample_bytree': np.float64(0.8429031723674749), 'model__learning_rate': np.float64(0.0140633519773386), 'model__min_child_samples': 12, 'model__n_estimators': 1225, 'model__num_leaves': 57, 'model__reg_alpha': np.float64(0.0015749972015950745), 'model__reg_lambda': np.float64(0.03015046977267635), 'model__subsample': np.float64(0.8269025946711137)}",-0.132431440992688,-0.1393059401333743,-0.11869027072038148,-0.12140567516526839,-0.15572994187762534,-0.1335126537778675,0.013376255447771318,98
7.22883825302124,0.3968888787175492,0.24526796340942383,0.0385996126242217,0.76060243310377,0.01008275568486492,33,1553,95,0.00021032154140836055,0.05751548995551875,0.9330035855642335,"{'model__colsample_bytree': np.float64(0.76060243310377), 'model__learning_rate': np.float64(0.01008275568486492), 'model__min_child_samples': 33, 'model__n_estimators': 1553, 'model__num_leaves': 95, 'model__reg_alpha': np.float64(0.00021032154140836055), 'model__reg_lambda': np.float64(0.05751548995551875), 'model__subsample': np.float64(0.9330035855642335)}",-0.125767004115517,-0.13449994902866744,-0.11372862239472718,-0.11906123756608765,-0.15040972724470328,-0.12869330806994053,0.012888768718387116,3
17.492259740829468,0.43804759203703614,0.3390291690826416,0.09727795609878778,0.7801605480398786,0.026471227510104063,13,1589,87,0.00031419253200016704,0.0016609725564585313,0.9474900580974863,"{'model__colsample_bytree': np.float64(0.7801605480398786), 'model__learning_rate': np.float64(0.026471227510104063), 'model__min_child_samples': 13, 'model__n_estimators': 1589, 'model__num_leaves': 87, 'model__reg_alpha': np.float64(0.00031419253200016704), 'model__reg_lambda': np.float64(0.0016609725564585313), 'model__subsample': np.float64(0.9474900580974863)}",-0.1289924547058658,-0.13768045364052567,-0.11904118054026247,-0.12200032233716655,-0.15487516790306974,-0.13251791582537803,0.012893173077189488,80
13.125261163711547,0.2738922533884793,0.2724164485931396,0.03380953170405534,0.7805884612436806,0.04090531513033435,8,1228,48,0.00027018127131313914,0.044183107209939954,0.8515254702639596,"{'model__colsample_bytree': np.float64(0.7805884612436806), 'model__learning_rate': np.float64(0.04090531513033435), 'model__min_child_samples': 8, 'model__n_estimators': 1228, 'model__num_leaves': 48, 'model__reg_alpha': np.float64(0.00027018127131313914), 'model__reg_lambda': np.float64(0.044183107209939954), 'model__subsample': np.float64(0.8515254702639596)}",-0.13031942019862594,-0.13998112860631975,-0.12010775753181147,-0.11673807757770048,-0.16016954776888837,-0.1334631863366692,0.015644125539450802,97
7.290356731414795,0.13615138632262366,0.1897977828979492,0.03024707274585332,0.8985723624916155,0.009918782511041791,12,1217,91,0.37119797294030693,0.002705182178593335,0.882716868800911,"{'model__colsample_bytree': np.float64(0.8985723624916155), 'model__learning_rate': np.float64(0.009918782511041791), 'model__min_child_samples': 12, 'model__n_estimators': 1217, 'model__num_leaves': 91, 'model__reg_alpha': np.float64(0.37119797294030693), 'model__reg_lambda': np.float64(0.002705182178593335), 'model__subsample': np.float64(0.882716868800911)}",-0.13053656439422642,-0.13787596546562447,-0.12307921225427051,-0.12241443334403151,-0.1540124740134461,-0.1335837298943198,0.011663105644275524,100
5.803808879852295,0.4407856740312995,0.20187768936157227,0.031777430715681114,0.9345851142052595,0.011526037357033144,42,1412,71,0.0466835631548364,0.00146970749443277,0.8953786204378537,"{'model__colsample_bytree': np.float64(0.9345851142052595), 'model__learning_rate': np.float64(0.011526037357033144), 'model__min_child_samples': 42, 'model__n_estimators': 1412, 'model__num_leaves': 71, 'model__reg_alpha': np.float64(0.0466835631548364), 'model__reg_lambda': np.float64(0.00146970749443277), 'model__subsample': np.float64(0.8953786204378537)}",-0.1283864218688753,-0.13932446049313912,-0.11958938591408544,-0.12158050636600035,-0.15067732782111734,-0.13191162049264352,0.011645586098214549,69
6.273711347579956,0.4829410854109832,0.2303536891937256,0.04630302433002348,0.9069852217943729,0.0362931905969116,37,1624,68,0.1030593636229946,0.20557551866970575,0.8307663561922798,"{'model__colsample_bytree': np.float64(0.9069852217943729), 'model__learning_rate': np.float64(0.0362931905969116), 'model__min_child_samples': 37, 'model__n_estimators': 1624, 'model__num_leaves': 68, 'model__reg_alpha': np.float64(0.1030593636229946), 'model__reg_lambda': np.float64(0.20557551866970575), 'model__subsample': np.float64(0.8307663561922798)}",-0.13202730745595392,-0.13916765505848822,-0.12067095969066075,-0.12397552943662873,-0.15491689674939643,-0.13415166967822562,0.012215981757428973,109
6.527433443069458,0.37825307059804636,0.2142542839050293,0.03150558555995108,0.7897076210308756,0.04684833930473804,32,1301,71,0.004696175513154299,0.3033249572231463,0.9249168613230432,"{'model__colsample_bytree': np.float64(0.7897076210308756), 'model__learning_rate': np.float64(0.04684833930473804), 'model__min_child_samples': 32, 'model__n_estimators': 1301, 'model__num_leaves': 71, 'model__reg_alpha': np.float64(0.004696175513154299), 'model__reg_lambda': np.float64(0.3033249572231463), 'model__subsample': np.float64(0.9249168613230432)}",-0.12768222594409714,-0.1369576630968696,-0.12032502964773596,-0.11999578595535107,-0.15329550322143412,-0.13165124157309757,0.012462086334063932,62
13.543807554244996,0.1767809855489483,0.36797170639038085,0.0762835147929956,0.8560253860454594,0.023737309094884862,22,1892,56,0.002062885151921721,0.02297369051265372,0.8329643699220435,"{'model__colsample_bytree': np.float64(0.8560253860454594), 'model__learning_rate': np.float64(0.023737309094884862), 'model__min_child_samples': 22, 'model__n_estimators': 1892, 'model__num_leaves': 56, 'model__reg_alpha': np.float64(0.002062885151921721), 'model__reg_lambda': np.float64(0.02297369051265372), 'model__subsample': np.float64(0.8329643699220435)}",-0.12748768306797842,-0.1361146245602473,-0.1201188917313562,-0.12277783011990695,-0.1496493520912009,-0.13122967631413796,0.010696101408359098,49
10.45740704536438,0.6148387321391711,0.21590681076049806,0.04873214345104615,0.7166547780977042,0.012691157531912023,13,1478,38,0.050382457097991364,0.25830941596091145,0.7416826899983457,"{'model__colsample_bytree': np.float64(0.7166547780977042), 'model__learning_rate': np.float64(0.012691157531912023), 'model__min_child_samples': 13, 'model__n_estimators': 1478, 'model__num_leaves': 38, 'model__reg_alpha': np.float64(0.050382457097991364), 'model__reg_lambda': np.float64(0.25830941596091145), 'model__subsample': np.float64(0.7416826899983457)}",-0.12855536847311205,-0.13579214135758585,-0.1162246682787764,-0.1188315140756175,-0.15177267051441232,-0.1302352725399008,0.012836690532349973,29
9.088704872131348,0.8088888130581245,0.2795719623565674,0.046308055025990225,0.9196572788433595,0.021707809985672025,37,2154,58,0.08260330610559179,0.0033681540610284036,0.777930516948887,"{'model__colsample_bytree': np.float64(0.9196572788433595), 'model__learning_rate': np.float64(0.021707809985672025), 'model__min_child_samples': 37, 'model__n_estimators': 2154, 'model__num_leaves': 58, 'model__reg_alpha': np.float64(0.08260330610559179), 'model__reg_lambda': np.float64(0.0033681540610284036), 'model__subsample': np.float64(0.777930516948887)}",-0.1303943395131072,-0.13754886527972618,-0.12079994289344181,-0.1239947518388228,-0.15518616599095725,-0.13358481310321105,0.012230563840670554,101
5.871378993988037,0.23738422505109183,0.175026273727417,0.025466028295011912,0.7621222849536164,0.03581694744483687,11,1497,33,0.06611679728956056,1.1184599334407588,0.7855204371789768,"{'model__colsample_bytree': np.float64(0.7621222849536164), 'model__learning_rate': np.float64(0.03581694744483687), 'model__min_child_samples': 11, 'model__n_estimators': 1497, 'model__num_leaves': 33, 'model__reg_alpha': np.float64(0.06611679728956056), 'model__reg_lambda': np.float64(1.1184599334407588), 'model__subsample': np.float64(0.7855204371789768)}",-0.12837224659242655,-0.13705013168745742,-0.11639897517997638,-0.1182316570192051,-0.1546552513410704,-0.13094165236402716,0.013994881803379725,42
4.637199878692627,0.17091498921406756,0.154694128036499,0.01894105114916105,0.9053143261680032,0.009997686963994775,43,1115,83,0.002948178474008198,0.5919604104543207,0.7374793568371933,"{'model__colsample_bytree': np.float64(0.9053143261680032), 'model__learning_rate': np.float64(0.009997686963994775), 'model__min_child_samples': 43, 'model__n_estimators': 1115, 'model__num_leaves': 83, 'model__reg_alpha': np.float64(0.002948178474008198), 'model__reg_lambda': np.float64(0.5919604104543207), 'model__subsample': np.float64(0.7374793568371933)}",-0.12931446110800343,-0.1398347003272572,-0.11745443461153253,-0.12093239923294928,-0.14942815466116502,-0.1313928299881815,0.01187061249763115,55
7.552633953094483,0.29267096996244446,0.19823975563049318,0.02968858565067631,0.7573128488081603,0.034285085115810285,9,994,82,0.03688879599668805,0.07711141941880942,0.7629497647267381,"{'model__colsample_bytree': np.float64(0.7573128488081603), 'model__learning_rate': np.float64(0.034285085115810285), 'model__min_child_samples': 9, 'model__n_estimators': 994, 'model__num_leaves': 82, 'model__reg_alpha': np.float64(0.03688879599668805), 'model__reg_lambda': np.float64(0.07711141941880942), 'model__subsample': np.float64(0.7629497647267381)}",-0.13082757913561302,-0.1379386217401035,-0.12093679316749802,-0.1193762049033968,-0.15887260011411491,-0.13359035981214523,0.01433797030369164,102
15.185930538177491,0.7169019036283717,0.3311614990234375,0.050055228874527596,0.7864239983759798,0.011534509059633597,17,1771,69,0.0006933690732898352,0.02970965808643019,0.7719824041189315,"{'model__colsample_bytree': np.float64(0.7864239983759798), 'model__learning_rate': np.float64(0.011534509059633597), 'model__min_child_samples': 17, 'model__n_estimators': 1771, 'model__num_leaves': 69, 'model__reg_alpha': np.float64(0.0006933690732898352), 'model__reg_lambda': np.float64(0.02970965808643019), 'model__subsample': np.float64(0.7719824041189315)}",-0.12908544117611637,-0.13806233856292963,-0.11815350702202825,-0.12000622463694971,-0.15389864723205743,-0.1318412317260163,0.01311676279428558,67
11.851508188247681,0.36956321388924435,0.33855404853820803,0.06213151900964324,0.8537375657881636,0.05023619156984466,25,1884,64,0.00011667801357756547,1.077657065222633,0.9330295706209031,"{'model__colsample_bytree': np.float64(0.8537375657881636), 'model__learning_rate': np.float64(0.05023619156984466), 'model__min_child_samples': 25, 'model__n_estimators': 1884, 'model__num_leaves': 64, 'model__reg_alpha': np.float64(0.00011667801357756547), 'model__reg_lambda': np.float64(1.077657065222633), 'model__subsample': np.float64(0.9330295706209031)}",-0.12611297511324573,-0.13535915266504028,-0.12128251405311827,-0.1216192460637153,-0.15252826745612308,-0.13138043107024852,0.011730779704761012,52
4.024285840988159,0.15107105352171232,0.16129322052001954,0.021392550177619245,0.8412832958973022,0.03256133009790212,44,1026,73,0.07125548374467931,0.020042744146710416,0.7172303848418047,"{'model__colsample_bytree': np.float64(0.8412832958973022), 'model__learning_rate': np.float64(0.03256133009790212), 'model__min_child_samples': 44, 'model__n_estimators': 1026, 'model__num_leaves': 73, 'model__reg_alpha': np.float64(0.07125548374467931), 'model__reg_lambda': np.float64(0.020042744146710416), 'model__subsample': np.float64(0.7172303848418047)}",-0.13227192687959832,-0.13896312676252834,-0.12530332948806155,-0.1238609676272089,-0.15365834211607832,-0.13481153857469508,0.010855490406994918,113
8.57770848274231,0.4611803426570938,0.2660327911376953,0.05439705617389226,0.7193302663721968,0.009869893552768148,29,1678,54,0.0002846252324172352,0.006611102445137944,0.7413801275918224,"{'model__colsample_bytree': np.float64(0.7193302663721968), 'model__learning_rate': np.float64(0.009869893552768148), 'model__min_child_samples': 29, 'model__n_estimators': 1678, 'model__num_leaves': 54, 'model__reg_alpha': np.float64(0.0002846252324172352), 'model__reg_lambda': np.float64(0.006611102445137944), 'model__subsample': np.float64(0.7413801275918224)}",-0.12248736682342258,-0.13495802463240855,-0.1147357274918765,-0.1179741876114528,-0.15009615920372313,-0.1280502931525767,0.012988369220923092,1
8.492080545425415,0.27963282761671676,0.22173514366149902,0.025935905308037258,0.7465802198735301,0.043245979179892015,8,1466,82,0.015385446383947537,0.02439949188435309,0.7136904097055078,"{'model__colsample_bytree': np.float64(0.7465802198735301), 'model__learning_rate': np.float64(0.043245979179892015), 'model__min_child_samples': 8, 'model__n_estimators': 1466, 'model__num_leaves': 82, 'model__reg_alpha': np.float64(0.015385446383947537), 'model__reg_lambda': np.float64(0.02439949188435309), 'model__subsample': np.float64(0.7136904097055078)}",-0.12803938222505815,-0.14001917808520423,-0.12059591389561156,-0.11929666380674998,-0.16121811017461682,-0.13383384963744815,0.015545446795435954,106
8.410851860046387,0.18541939564053098,0.2799421787261963,0.034199797808732044,0.7837993104114752,0.04033071672803834,33,1836,66,0.002970393967756725,0.07389068167973434,0.9299639041031901,"{'model__colsample_bytree': np.float64(0.7837993104114752), 'model__learning_rate': np.float64(0.04033071672803834), 'model__min_child_samples': 33, 'model__n_estimators': 1836, 'model__num_leaves': 66, 'model__reg_alpha': np.float64(0.002970393967756725), 'model__reg_lambda': np.float64(0.07389068167973434), 'model__subsample': np.float64(0.9299639041031901)}",-0.1288410354277954,-0.13468972634589516,-0.12452595624273669,-0.12322488710443741,-0.1505360062517251,-0.13236352227451795,0.009929757368065353,78
5.042332029342651,0.3425712211110883,0.1849581241607666,0.027935904534195134,0.7865864985914903,0.016095159846943662,41,1246,48,0.014843890827537419,0.0013008039746407428,0.9281873657197821,"{'model__colsample_bytree': np.float64(0.7865864985914903), 'model__learning_rate': np.float64(0.016095159846943662), 'model__min_child_samples': 41, 'model__n_estimators': 1246, 'model__num_leaves': 48, 'model__reg_alpha': np.float64(0.014843890827537419), 'model__reg_lambda': np.float64(0.0013008039746407428), 'model__subsample': np.float64(0.9281873657197821)}",-0.12822810957146277,-0.137050500781143,-0.11936684943560807,-0.12164169283234239,-0.15066400218022669,-0.1313902309601566,0.011429012398988013,54
8.468221044540405,0.22375947792281942,0.20406293869018555,0.039226503795263365,0.7620566106892879,0.025618478582825264,13,2084,80,0.07709570971083157,0.009230054342903124,0.7550243035202742,"{'model__colsample_bytree': np.float64(0.7620566106892879), 'model__learning_rate': np.float64(0.025618478582825264), 'model__min_child_samples': 13, 'model__n_estimators': 2084, 'model__num_leaves': 80, 'model__reg_alpha': np.float64(0.07709570971083157), 'model__reg_lambda': np.float64(0.009230054342903124), 'model__subsample': np.float64(0.7550243035202742)}",-0.12850328974576808,-0.13839669070853547,-0.11681169284517585,-0.12087400285605668,-0.15390972287372467,-0.13169907980585216,0.013320662993156282,64
11.110250186920165,0.07147814634492196,0.14365754127502442,0.010091235058698701,0.7531701960853066,0.02258907879825118,24,2007,72,0.00035473085912311704,0.02765020485974997,0.7213374170196609,"{'model__colsample_bytree': np.float64(0.7531701960853066), 'model__learning_rate': np.float64(0.02258907879825118), 'model__min_child_samples': 24, 'model__n_estimators': 2007, 'model__num_leaves': 72, 'model__reg_alpha': np.float64(0.00035473085912311704), 'model__reg_lambda': np.float64(0.02765020485974997), 'model__subsample': np.float64(0.7213374170196609)}",-0.12658225292246544,-0.13521525476959598,-0.11649928336433252,-0.12057564171490204,-0.15117371771610896,-0.130009230097481,0.012314979919660787,28
9.71055269241333,0.345865390542588,0.11615529060363769,0.019478390037230387,0.9492185629614868,0.0220060141157486,8,2064,61,0.059440339933080295,0.005368676051768007,0.9245135723601784,"{'model__colsample_bytree': np.float64(0.9492185629614868), 'model__learning_rate': np.float64(0.0220060141157486), 'model__min_child_samples': 8, 'model__n_estimators': 2064, 'model__num_leaves': 61, 'model__reg_alpha': np.float64(0.059440339933080295), 'model__reg_lambda': np.float64(0.005368676051768007), 'model__subsample': np.float64(0.9245135723601784)}",-0.1345176013987015,-0.14113591409864418,-0.122446769965927,-0.12315318532893292,-0.16494496149871968,-0.13723968645818507,0.0155398358703067,120
4.456008768081665,0.38260126312990295,0.1299736499786377,0.04442849455023324,0.7512849101205017,0.011747715615952512,36,1185,47,0.012283734163402253,0.001692298255580905,0.8938819041737526,"{'model__colsample_bytree': np.float64(0.7512849101205017), 'model__learning_rate': np.float64(0.011747715615952512), 'model__min_child_samples': 36, 'model__n_estimators': 1185, 'model__num_leaves': 47, 'model__reg_alpha': np.float64(0.012283734163402253), 'model__reg_lambda': np.float64(0.001692298255580905), 'model__subsample': np.float64(0.8938819041737526)}",-0.12759191858199312,-0.1343191766331576,-0.11465175452096935,-0.11941764222205786,-0.1493785011567159,-0.12907179862297877,0.012192026873563232,8
